customer_id,first_name,last_name,email,phone,date_of_birth
1,Webb,Oggers,woggers0@imageshack.us,928-508-0943,1947-06-24
2,Ignace,Kesley,ikesley1@amazon.co.jp,171-307-6210,1951-03-04
3,Shayne,Clements,sclements2@discuz.net,508-556-6649,1985-10-20
4,Clarisse,McDyer,cmcdyer3@weebly.com,722-448-2116,1934-08-15
5,Kaleb,Aspy,kaspy4@ft.com,942-896-2703,1999-10-19
6,Jeramie,Jacobowits,jjacobowits5@networksolutions.com,822-815-7012,1999-07-16
7,Kendra,Hurt,khurt6@state.gov,873-978-8217,1953-08-29
8,Sonja,Middler,smiddler7@ucla.edu,435-602-4498,1924-07-07
9,Tandie,Calbreath,tcalbreath8@vistaprint.com,416-701-7280,1979-08-02
10,Delbert,Bedham,dbedham9@nhs.uk,690-417-1807,1947-06-16
11,Abagael,Murdie,amurdiea@technorati.com,217-303-1980,1995-07-16
12,Haskell,Tabram,htabramb@discovery.com,142-562-7854,1943-11-07
13,Raviv,Ronchka,rronchkac@taobao.com,150-962-1435,1961-06-02
14,Ulla,Karpman,ukarpmand@sbwire.com,851-274-1743,1933-05-10
15,Lawry,Savege,lsavegee@census.gov,380-589-1864,1980-10-28
16,Dana,Simmance,dsimmancef@trellian.com,492-759-3708,1929-02-19
17,Worth,Ridding,wriddingg@symantec.com,302-418-7430,1965-02-17
18,Dion,Steers,dsteersh@fda.gov,767-624-6953,1997-12-08
19,Eloise,Claye,eclayei@xinhuanet.com,405-220-9484,1922-05-22
20,Dode,Gloster,dglosterj@slate.com,933-279-2674,1913-11-15
21,Petronilla,Demougeot,pdemougeotk@elegantthemes.com,533-466-8707,1983-11-13
22,John,Wibrew,jwibrewl@chronoengine.com,489-168-1792,1977-05-28
23,Enriqueta,Ruspine,eruspinem@globo.com,746-824-7115,1926-06-17
24,Ellen,Jeske,ejesken@elegantthemes.com,892-953-5801,1924-12-17
25,Kacie,Eveleigh,keveleigho@alibaba.com,983-703-2148,1988-02-03
26,Kienan,Stillmann,kstillmannp@histats.com,300-822-6024,2003-10-18
27,Otes,Spaice,ospaiceq@wikia.com,400-335-1722,1921-03-22
28,Gayler,Speenden,gspeendenr@smugmug.com,778-307-1939,1936-06-14
29,Gabriello,Caherny,gcahernys@ameblo.jp,202-275-0723,1948-08-12
30,Jourdan,Navaro,jnavarot@shutterfly.com,572-908-6722,1984-09-13
31,Noble,Eckart,neckartu@spiegel.de,663-977-6982,1913-09-24
32,Netti,Blacker,nblackerv@ted.com,668-810-5973,1912-11-05
33,Hayward,Flynn,hflynnw@tamu.edu,579-690-8267,1932-01-15
34,Pauly,Bentje,pbentjex@phoca.cz,691-596-9134,2003-12-27
35,Lesley,Malcher,lmalchery@bbc.co.uk,946-968-8735,1996-04-14
36,Gerri,Mainland,gmainlandz@nationalgeographic.com,100-973-2087,1972-02-05
37,Emmaline,Evangelinos,eevangelinos10@friendfeed.com,380-948-2877,1937-07-13
38,Edlin,Ahern,eahern11@blogs.com,693-686-8352,1962-07-05
39,Willard,Portman,wportman12@amazon.com,535-358-7085,1925-05-26
40,Brewer,Joubert,bjoubert13@de.vu,747-648-8008,1927-12-28
41,Dalt,Lambell,dlambell14@linkedin.com,954-687-3114,1976-12-27
42,Raffaello,Segges,rsegges15@cyberchimps.com,728-114-9521,1953-10-03
43,Christophorus,McGlaughn,cmcglaughn16@ucoz.com,524-590-7639,1942-01-10
44,Jdavie,Seeler,jseeler17@apache.org,239-742-3358,1923-08-16
45,Jenni,Shinton,jshinton18@miibeian.gov.cn,723-231-0408,2000-08-16
46,Windy,Carder,wcarder19@eventbrite.com,629-245-1830,1925-05-16
47,Heloise,Sainsbury,hsainsbury1a@moonfruit.com,686-896-2905,1979-01-14
48,Bee,Weal,bweal1b@comcast.net,228-678-5182,1937-03-02
49,Antonella,Le Houx,alehoux1c@cpanel.net,338-166-1657,1925-05-23
50,Lowell,Fyrth,lfyrth1d@marketwatch.com,157-980-9801,1976-05-02
51,Kinnie,Pilbury,kpilbury1e@gov.uk,219-284-9757,1930-04-23
52,Valida,Eburah,veburah1f@tuttocitta.it,749-836-0467,1986-04-14
53,Julianna,Bremley,jbremley1g@vistaprint.com,791-299-7955,1913-09-03
54,Ardyce,Burel,aburel1h@goo.ne.jp,723-454-5641,1940-09-08
55,Berna,Burnyate,bburnyate1i@mashable.com,562-357-8786,1928-09-23
56,Ronna,Lodeke,rlodeke1j@springer.com,455-631-2074,1999-12-29
57,Cosette,Hinchshaw,chinchshaw1k@guardian.co.uk,953-326-8226,1960-11-07
58,Babara,Deeble,bdeeble1l@homestead.com,227-696-6026,1981-06-02
59,Krissy,Brymham,kbrymham1m@yandex.ru,771-358-3464,1913-01-21
60,Gabrila,Maddicks,gmaddicks1n@123-reg.co.uk,486-136-4512,1965-09-24
61,Tracy,Hagley,thagley1o@weibo.com,721-211-4817,1941-05-28
62,Olympe,Stormont,ostormont1p@forbes.com,175-253-6940,1993-02-14
63,Toni,Beglin,tbeglin1q@abc.net.au,902-724-6729,1923-01-18
64,Niall,Rodenhurst,nrodenhurst1r@japanpost.jp,216-488-3331,1961-07-30
65,Jeni,Hellwig,jhellwig1s@tiny.cc,999-261-4320,1976-12-31
66,Graham,Pammenter,gpammenter1t@opera.com,414-752-0056,1968-10-25
67,Christan,Poland,cpoland1u@amazon.de,797-308-4236,1978-12-06
68,Kari,Holcroft,kholcroft1v@utexas.edu,512-874-0027,1938-06-18
69,Abeu,Boddis,aboddis1w@pcworld.com,107-960-6238,1952-02-24
70,Corry,Kemish,ckemish1x@constantcontact.com,994-724-1381,1943-11-28
71,Wayne,Stork,wstork1y@deliciousdays.com,228-592-3946,1924-11-04
72,Leilah,Skittreal,lskittreal1z@hud.gov,884-388-6307,1978-10-30
73,Rich,Somerscales,rsomerscales20@yolasite.com,818-931-5634,1943-07-23
74,Bogart,Mutton,bmutton21@statcounter.com,239-937-4620,1926-05-10
75,Caril,Drillingcourt,cdrillingcourt22@who.int,503-568-6005,1978-08-04
76,Aliza,Feander,afeander23@uol.com.br,390-192-5474,1937-08-11
77,Florence,Pasek,fpasek24@github.io,995-936-0128,1969-06-09
78,Gwenneth,Bohin,gbohin25@hc360.com,406-561-9898,1935-12-04
79,Norene,Lowdes,nlowdes26@opera.com,851-498-8171,1994-02-10
80,Joly,Wink,jwink27@indiegogo.com,831-232-7656,1989-08-28
81,Tedie,Picard,tpicard28@ovh.net,146-321-9353,1938-11-02
82,Dora,Bosward,dbosward29@list-manage.com,164-544-5845,1917-09-10
83,Aubrey,Troy,atroy2a@marriott.com,752-578-6004,1926-08-05
84,Chrissy,Boutcher,cboutcher2b@foxnews.com,996-827-4856,1968-06-25
85,Belle,Dilon,bdilon2c@taobao.com,857-765-7462,1917-04-16
86,Merrel,Kubik,mkubik2d@va.gov,331-160-2032,1986-06-13
87,Fidela,Rosenwasser,frosenwasser2e@nyu.edu,882-613-6673,1939-04-05
88,Eba,Collymore,ecollymore2f@marriott.com,106-998-5925,1997-07-11
89,Gustav,Winterton,gwinterton2g@admin.ch,604-207-6064,1991-06-11
90,Elsy,Banthorpe,ebanthorpe2h@princeton.edu,188-288-0383,1991-12-03
91,Ban,Chatainier,bchatainier2i@google.cn,965-331-9203,1916-06-10
92,Alistair,Green,agreen2j@businesswire.com,205-277-4723,1975-04-12
93,Dana,Meeson,dmeeson2k@mapy.cz,201-532-5161,1927-12-20
94,Orrin,Skea,oskea2l@github.io,878-251-4859,1963-02-04
95,Nettie,Royste,nroyste2m@qq.com,783-415-0236,2004-08-15
96,Dane,Lackinton,dlackinton2n@addtoany.com,253-657-0927,1939-12-29
97,Birk,Castellucci,bcastellucci2o@blogtalkradio.com,364-105-9212,1919-12-09
98,Benita,Caddens,bcaddens2p@digg.com,549-743-5235,1977-12-25
99,Cornie,Spilisy,cspilisy2q@taobao.com,273-830-5411,2005-10-17
100,Frederica,Imlach,fimlach2r@wix.com,804-134-5046,1966-03-28
101,Berget,Copes,bcopes2s@sourceforge.net,976-945-0479,1918-06-17
102,Lorianna,Henrych,lhenrych2t@themeforest.net,455-622-7024,1964-03-27
103,Kippy,MacKonochie,kmackonochie2u@fema.gov,959-939-4677,1919-01-25
104,Viviana,Flintoft,vflintoft2v@scribd.com,756-480-4100,1924-06-22
105,Greg,Oldroyd,goldroyd2w@amazonaws.com,181-202-3632,1969-10-30
106,Nappie,Gregolin,ngregolin2x@tinypic.com,851-476-0383,1995-07-28
107,Ermanno,Lowseley,elowseley2y@mozilla.com,831-134-7164,1939-08-09
108,Paulie,Mablestone,pmablestone2z@globo.com,551-889-9319,1929-06-04
109,Lee,Dryden,ldryden30@jugem.jp,658-150-0401,1959-03-07
110,Kimbra,Philipsen,kphilipsen31@wordpress.com,351-789-9398,1946-10-09
111,Shoshana,Caplin,scaplin32@shinystat.com,396-259-9452,1911-09-06
112,Sebastian,Pennetta,spennetta33@ucsd.edu,758-646-8640,1986-06-24
113,Baxie,Paulazzi,bpaulazzi34@answers.com,953-312-9208,2000-05-04
114,Doralin,Drinkall,ddrinkall35@shinystat.com,243-150-0342,1974-12-19
115,Darline,Cromley,dcromley36@google.it,808-705-0337,1972-08-28
116,Rosy,Watkins,rwatkins37@imdb.com,260-842-7949,1961-04-07
117,Emmaline,Spruce,espruce38@topsy.com,580-795-7498,1935-09-20
118,Isacco,Ceyssen,iceyssen39@webs.com,449-536-3748,1950-07-26
119,Jane,Leabeater,jleabeater3a@abc.net.au,482-234-6369,1957-06-15
120,Rosalyn,Chrstine,rchrstine3b@unc.edu,641-656-4926,1913-02-21
121,Carolynn,Willock,cwillock3c@biblegateway.com,992-166-7504,1949-06-25
122,Leonie,Gajownik,lgajownik3d@cmu.edu,104-305-6680,2005-01-28
123,Pepito,Langfat,plangfat3e@tuttocitta.it,846-401-7144,1958-09-24
124,Rurik,Salerno,rsalerno3f@histats.com,785-401-3723,1960-11-24
125,Zebedee,Shenley,zshenley3g@wufoo.com,151-993-7980,1914-02-14
126,Bonnibelle,Cloney,bcloney3h@typepad.com,254-354-6011,1924-03-11
127,Eddy,Pettie,epettie3i@com.com,917-337-7407,1997-09-05
128,Barrett,Di Ruggero,bdiruggero3j@wp.com,817-399-3592,1936-12-15
129,Arley,Luff,aluff3k@acquirethisname.com,965-762-2239,1932-04-25
130,Raul,Crickmore,rcrickmore3l@google.co.jp,488-682-5221,1938-03-13
131,Diena,Simpkiss,dsimpkiss3m@macromedia.com,699-329-1529,2001-03-17
132,Gerri,Daniel,gdaniel3n@theguardian.com,396-932-3781,1975-06-16
133,Grover,Helbeck,ghelbeck3o@domainmarket.com,662-615-4740,1993-07-21
134,Layla,Crysell,lcrysell3p@icq.com,799-493-3503,1934-11-07
135,Albie,Chevers,achevers3q@tripod.com,920-452-2760,2001-10-18
136,Donall,Poppleston,dpoppleston3r@mashable.com,883-721-8318,1961-11-30
137,Bethany,Silcox,bsilcox3s@shop-pro.jp,337-629-1185,1982-11-27
138,Trescha,Priestner,tpriestner3t@furl.net,580-364-0017,1949-01-21
139,Granny,Devo,gdevo3u@linkedin.com,131-137-7328,1921-06-22
140,Nate,Doolan,ndoolan3v@ebay.com,135-908-4778,1940-06-02
141,Darbie,Fritche,dfritche3w@patch.com,670-524-1274,1999-01-09
142,Frederic,Killough,fkillough3x@time.com,873-139-7910,1913-09-26
143,Rowan,Hinrichs,rhinrichs3y@arizona.edu,208-952-2824,1979-01-26
144,Belita,Esp,besp3z@tamu.edu,865-895-7387,1984-01-22
145,Farlie,De Zamudio,fdezamudio40@apache.org,856-433-3178,1988-08-20
146,Danny,Bexley,dbexley41@stanford.edu,579-529-5248,1945-04-14
147,Danita,Dines,ddines42@phpbb.com,317-476-3046,1987-02-04
148,Leilah,Budden,lbudden43@webmd.com,419-663-0207,1927-01-12
149,Rowan,Roo,rroo44@skype.com,241-211-1905,1949-10-21
150,Arabelle,Tregido,atregido45@paginegialle.it,675-137-0924,1953-08-15
151,Sileas,Jump,sjump46@home.pl,241-761-5150,1985-12-29
152,Avie,Kennaird,akennaird47@tinypic.com,505-196-8872,1948-01-19
153,Annnora,Dewerson,adewerson48@columbia.edu,453-856-7468,1981-07-05
154,Georgetta,Sawden,gsawden49@twitter.com,811-217-5794,1993-09-16
155,Kilian,Sandels,ksandels4a@skyrock.com,362-733-1468,1976-07-13
156,Alameda,Mistry,amistry4b@wisc.edu,309-420-0289,1931-12-31
157,Trisha,Staite,tstaite4c@wired.com,614-403-9793,1959-03-15
158,Barbara,Wellings,bwellings4d@google.com,819-174-6469,1917-04-26
159,Orazio,Priestman,opriestman4e@howstuffworks.com,253-723-5990,1942-09-22
160,Pierce,Rosenblum,prosenblum4f@china.com.cn,101-139-3696,1961-01-08
161,Lu,Persey,lpersey4g@technorati.com,518-424-0718,1915-02-22
162,Aymer,Sans,asans4h@jalbum.net,952-746-8342,1911-12-04
163,Shayna,Oxby,soxby4i@amazon.de,462-978-1333,1962-06-30
164,Marita,Tapping,mtapping4j@topsy.com,141-644-7648,1940-08-13
165,Aluin,Chewter,achewter4k@infoseek.co.jp,116-422-3626,1924-01-28
166,Hiram,Joselevitch,hjoselevitch4l@theguardian.com,838-583-6103,1958-04-25
167,Art,Auden,aauden4m@networksolutions.com,706-656-6115,1958-12-25
168,Yovonnda,MacLoughlin,ymacloughlin4n@google.pl,622-951-0107,1998-08-23
169,Lind,Poyner,lpoyner4o@dedecms.com,923-755-6176,1990-05-15
170,Mirabel,Bernini,mbernini4p@ihg.com,212-194-8773,1942-07-02
171,Dede,Gallon,dgallon4q@shop-pro.jp,233-844-1409,2000-12-02
172,Orelee,Neale,oneale4r@craigslist.org,534-306-0177,1991-01-22
173,Temp,Kupper,tkupper4s@engadget.com,388-481-2591,1928-01-06
174,Michelle,Bamlett,mbamlett4t@tmall.com,482-251-9167,1995-07-26
175,Sidoney,Boswell,sboswell4u@facebook.com,204-262-8587,1977-05-02
176,Moore,Collis,mcollis4v@sohu.com,351-678-0128,1974-05-03
177,Marijo,Ogglebie,mogglebie4w@pagesperso-orange.fr,703-904-1541,1928-01-03
178,Stacia,Dandie,sdandie4x@rambler.ru,454-933-9504,1920-05-05
179,Joly,Dorcey,jdorcey4y@umn.edu,305-775-5253,1940-04-06
180,Darcey,Bernardet,dbernardet4z@japanpost.jp,690-664-9840,1977-09-20
181,Ertha,Hubach,ehubach50@webmd.com,796-304-8689,1989-10-05
182,Anselm,Abramamovh,aabramamovh51@imageshack.us,550-478-7956,1923-04-21
183,Emmye,Grattage,egrattage52@webmd.com,199-158-8231,1949-11-25
184,Lacee,Salomon,lsalomon53@epa.gov,360-761-5174,1931-07-19
185,Adriano,Brion,abrion54@admin.ch,510-245-6012,1970-02-05
186,Tobey,Axcell,taxcell55@fotki.com,134-478-7318,1948-08-31
187,Tomlin,Rive,trive56@taobao.com,572-283-4041,1940-06-20
188,Rhoda,Kocher,rkocher57@deliciousdays.com,690-703-8018,1964-02-14
189,Mitchel,Dmitrievski,mdmitrievski58@t.co,308-342-0909,1947-02-05
190,Raychel,Spedding,rspedding59@seattletimes.com,282-599-5924,1963-11-10
191,Lyndsay,Aslett,laslett5a@dmoz.org,107-399-9531,1914-04-11
192,Mary,Silverman,msilverman5b@over-blog.com,936-529-2373,1979-05-08
193,Bar,Waddilow,bwaddilow5c@reference.com,564-224-8248,1998-10-21
194,Ana,Smiley,asmiley5d@virginia.edu,331-248-5804,1980-07-02
195,Rivi,Grimwad,rgrimwad5e@army.mil,488-177-4760,1980-02-09
196,Alaster,Chartman,achartman5f@cyberchimps.com,523-908-4871,1973-11-28
197,Gene,Lisamore,glisamore5g@eventbrite.com,158-158-4986,1972-10-07
198,Colette,Stickings,cstickings5h@java.com,925-892-4020,1911-12-17
199,Pammi,Huertas,phuertas5i@printfriendly.com,278-680-9986,1976-05-16
200,Tildi,Papis,tpapis5j@cpanel.net,917-727-7136,1926-06-21
201,Deana,Oakley,doakley5k@phoca.cz,477-787-9557,1950-06-22
202,Karna,McInility,kmcinility5l@sogou.com,145-876-3243,1912-05-14
203,Kevan,Lum,klum5m@a8.net,835-646-6827,1932-09-12
204,Tandy,Bigglestone,tbigglestone5n@chicagotribune.com,282-603-5191,1915-05-22
205,Irvin,Grieveson,igrieveson5o@tiny.cc,485-672-4987,1969-02-08
206,Lind,Golling,lgolling5p@cdbaby.com,981-286-6347,1940-03-21
207,Brenna,Sparling,bsparling5q@dedecms.com,225-499-4740,1915-07-12
208,Benni,Bart,bbart5r@mozilla.org,493-303-0609,1988-06-28
209,Goldina,Keeves,gkeeves5s@google.it,716-416-6965,1913-02-17
210,Germaine,Colnet,gcolnet5t@indiegogo.com,646-946-8568,1954-06-02
211,Frasier,Gainfort,fgainfort5u@google.pl,385-954-4520,1921-12-15
212,Raoul,Brislen,rbrislen5v@usgs.gov,975-407-1599,1965-10-13
213,Auguste,Godrich,agodrich5w@google.co.uk,150-837-1383,1973-02-05
214,Carmencita,Addicott,caddicott5x@geocities.com,224-742-6646,1941-09-07
215,Fidelity,Millwater,fmillwater5y@earthlink.net,991-772-9351,1939-09-02
216,Dulcia,Dewes,ddewes5z@phpbb.com,579-422-6143,1986-10-14
217,Craggy,Davidde,cdavidde60@arizona.edu,825-391-1083,1959-05-08
218,Deina,Lope,dlope61@over-blog.com,556-177-8369,1973-01-03
219,Tracie,Coutthart,tcoutthart62@unicef.org,935-292-8286,1994-04-09
220,Jojo,Ferencowicz,jferencowicz63@csmonitor.com,719-813-3584,2000-08-21
221,Elmer,Roark,eroark64@marriott.com,752-860-2651,1983-12-10
222,Stevena,Breissan,sbreissan65@mysql.com,452-811-7097,1987-06-05
223,Dannye,Jouen,djouen66@techcrunch.com,458-336-5798,1947-10-24
224,Cahra,Fairleigh,cfairleigh67@sakura.ne.jp,847-564-7969,1959-02-02
225,Farra,Myers,fmyers68@webmd.com,476-650-0496,1997-11-03
226,Sibelle,Channer,schanner69@qq.com,103-102-9200,1998-10-29
227,Ruy,Kellart,rkellart6a@a8.net,797-452-5471,2000-08-14
228,Frannie,Gifkins,fgifkins6b@bloomberg.com,267-139-3090,1939-10-27
229,Felicle,MacCleod,fmaccleod6c@over-blog.com,998-937-1099,1932-11-21
230,Lonnie,Baddow,lbaddow6d@baidu.com,204-295-4469,1937-02-13
231,Isiahi,Cawood,icawood6e@biblegateway.com,611-544-5725,1936-08-20
232,Michaeline,Esilmon,mesilmon6f@csmonitor.com,790-822-1336,1948-03-23
233,Lena,Wigmore,lwigmore6g@mediafire.com,172-715-4030,1969-10-06
234,Jaclin,Deroche,jderoche6h@drupal.org,969-985-5708,1963-03-09
235,Seumas,Deverson,sdeverson6i@amazon.co.jp,494-122-5981,1966-04-17
236,Pam,Couve,pcouve6j@bandcamp.com,410-803-7627,1934-02-14
237,Noreen,Bartolic,nbartolic6k@miibeian.gov.cn,125-859-3011,1913-06-26
238,Virginia,Castenda,vcastenda6l@cyberchimps.com,967-586-6470,1953-01-20
239,Rob,Senecaut,rsenecaut6m@storify.com,318-712-1722,1963-06-24
240,Lillian,Beringer,lberinger6n@usnews.com,143-558-1196,1967-05-17
241,Percy,Hassan,phassan6o@cornell.edu,935-458-5246,1990-02-26
242,Carole,Tunnock,ctunnock6p@google.com,213-635-5166,1956-11-01
243,Maybelle,Truitt,mtruitt6q@mtv.com,790-120-7613,1971-09-30
244,Ailyn,Redhouse,aredhouse6r@mayoclinic.com,701-327-6446,1980-01-13
245,Gale,Dudney,gdudney6s@ibm.com,299-638-3514,1973-09-10
246,Tammara,Dundridge,tdundridge6t@posterous.com,956-376-7371,1952-11-13
247,Freedman,Vane,fvane6u@eepurl.com,806-437-0154,1913-02-07
248,Allyson,Elmes,aelmes6v@livejournal.com,996-256-2483,1991-08-03
249,Leland,Cressar,lcressar6w@networkadvertising.org,499-360-2334,1997-07-05
250,Westleigh,Baldree,wbaldree6x@who.int,441-416-9730,1981-05-16
251,Bernie,Horry,bhorry6y@fastcompany.com,271-370-7513,1970-05-14
252,Genni,Jurges,gjurges6z@barnesandnoble.com,716-971-5254,1974-09-25
253,Arlina,Eytel,aeytel70@booking.com,540-652-2422,1950-07-21
254,Liana,Coggan,lcoggan71@noaa.gov,663-507-1564,1981-03-19
255,Gerick,Retallick,gretallick72@elegantthemes.com,955-528-7421,1999-04-26
256,Britt,Spaule,bspaule73@nydailynews.com,322-519-8991,1952-11-21
257,Timmie,Al Hirsi,talhirsi74@time.com,527-206-7517,2004-04-26
258,Gustaf,Fibbens,gfibbens75@google.co.jp,800-848-5657,1932-01-15
259,Quincey,Harden,qharden76@cloudflare.com,612-859-9912,1992-01-28
260,Salomi,Haslam,shaslam77@issuu.com,690-160-2314,1974-06-20
261,Nonie,Dorbon,ndorbon78@google.com.br,461-904-0021,1995-08-26
262,Mela,Golling,mgolling79@washingtonpost.com,601-734-1722,1918-03-03
263,Far,Brisbane,fbrisbane7a@studiopress.com,746-287-1961,1937-03-24
264,Bailey,Marlowe,bmarlowe7b@shop-pro.jp,211-249-9744,1940-03-19
265,Devonne,Anscombe,danscombe7c@eepurl.com,477-825-0744,1923-05-15
266,Claresta,Clementi,cclementi7d@drupal.org,129-405-5937,1935-03-20
267,Katusha,Longstaffe,klongstaffe7e@geocities.com,497-477-6541,1964-12-30
268,Bondon,Neilands,bneilands7f@census.gov,526-580-8842,1959-08-12
269,Pail,Clitheroe,pclitheroe7g@people.com.cn,951-341-4004,1913-11-15
270,Erma,Klement,eklement7h@pinterest.com,222-497-3388,1953-02-20
271,Ronnie,Hadland,rhadland7i@bloomberg.com,713-461-0418,1959-11-27
272,Hope,Taynton,htaynton7j@goodreads.com,118-941-0184,1989-10-03
273,Sidney,O'Connor,soconnor7k@boston.com,751-885-1119,1955-08-12
274,Tonya,Robison,trobison7l@foxnews.com,968-925-8981,1924-02-10
275,Maura,Renfree,mrenfree7m@addthis.com,580-829-8173,1980-10-14
276,Giulia,Haffenden,ghaffenden7n@google.it,928-741-0627,1939-08-02
277,Shurlocke,Ragsdale,sragsdale7o@army.mil,945-523-4392,1927-05-03
278,Athene,Magrannell,amagrannell7p@zdnet.com,590-548-9022,1970-01-04
279,Boigie,Abercromby,babercromby7q@berkeley.edu,909-275-8539,1982-03-22
280,Orly,Gridley,ogridley7r@hubpages.com,871-148-2611,1913-02-25
281,Ethelyn,Passby,epassby7s@wikipedia.org,316-705-4127,1983-04-10
282,Merilyn,Remmers,mremmers7t@nps.gov,314-877-6752,1971-10-06
283,Drusie,Asif,dasif7u@yahoo.com,284-978-7080,1961-09-10
284,Jonell,Meece,jmeece7v@cocolog-nifty.com,317-277-0021,1915-07-19
285,Shepperd,Bunting,sbunting7w@examiner.com,241-109-3594,1937-11-16
286,Elita,Killik,ekillik7x@vistaprint.com,608-813-5828,1917-10-18
287,Lilia,Blofield,lblofield7y@hexun.com,659-354-1133,1936-11-21
288,Harrie,Grabbam,hgrabbam7z@guardian.co.uk,540-960-5190,1981-09-03
289,Ase,Vigne,avigne80@disqus.com,562-185-6067,1980-08-05
290,Raye,Pellman,rpellman81@nydailynews.com,217-435-1044,1985-05-09
291,Consolata,Mines,cmines82@diigo.com,234-451-9633,1911-07-22
292,Tamiko,Sired,tsired83@hud.gov,477-125-1253,2003-04-29
293,Carlin,Yeates,cyeates84@facebook.com,824-698-2847,1982-11-08
294,Aviva,Jagson,ajagson85@auda.org.au,784-251-5211,1974-11-04
295,Lionello,Thews,lthews86@ebay.co.uk,955-568-8600,1967-01-10
296,Eb,Cassel,ecassel87@eventbrite.com,393-134-4776,1958-07-27
297,Rik,Menhenitt,rmenhenitt88@dailymail.co.uk,110-802-8518,1934-08-20
298,Lilly,Pearcey,lpearcey89@facebook.com,494-550-0645,1964-02-15
299,Samantha,Leere,sleere8a@cbslocal.com,168-475-1523,1924-06-12
300,Roselia,Gurdon,rgurdon8b@indiegogo.com,684-666-1941,1919-11-15
301,Riane,Emanuelli,remanuelli8c@narod.ru,308-493-8994,1940-06-15
302,Myrlene,Yarrell,myarrell8d@zdnet.com,324-933-1470,1944-08-02
303,Natale,Thorowgood,nthorowgood8e@devhub.com,187-918-9731,1944-02-04
304,Joaquin,Menendez,jmenendez8f@twitter.com,498-988-2310,1953-10-03
305,Monty,Sogg,msogg8g@miibeian.gov.cn,127-678-1907,2002-03-26
306,Eugene,Guidotti,eguidotti8h@intel.com,991-221-6315,1986-04-24
307,Winston,Pinnick,wpinnick8i@huffingtonpost.com,686-589-4888,1922-07-29
308,Lewiss,Lead,llead8j@friendfeed.com,720-827-1857,1914-07-31
309,Leanora,Corsham,lcorsham8k@auda.org.au,644-895-0131,1942-05-11
310,Dilan,Brighty,dbrighty8l@last.fm,903-397-0340,1959-05-03
311,Hatty,Timms,htimms8m@shutterfly.com,671-971-3594,1962-04-28
312,Sterling,Kingston,skingston8n@moonfruit.com,430-156-5163,1992-08-25
313,Rozanne,Treves,rtreves8o@jiathis.com,131-442-7788,1994-05-08
314,Willie,MacDwyer,wmacdwyer8p@vinaora.com,178-549-0187,2001-06-05
315,Drusie,Siveyer,dsiveyer8q@odnoklassniki.ru,558-737-4432,1963-04-24
316,Stesha,McBrearty,smcbrearty8r@hexun.com,385-103-2397,1988-08-12
317,Sherman,Jellett,sjellett8s@tinypic.com,146-807-1602,1914-06-15
318,Yul,Storre,ystorre8t@hexun.com,512-513-2374,1924-04-13
319,Trip,Yakubov,tyakubov8u@163.com,301-593-4719,1947-01-11
320,Tedi,Breedy,tbreedy8v@theguardian.com,197-873-3662,1920-02-18
321,Ermin,Germain,egermain8w@php.net,123-873-4576,1981-12-17
322,Derwin,Sapp,dsapp8x@forbes.com,850-305-3749,1983-04-04
323,Bianka,Mariyushkin,bmariyushkin8y@devhub.com,430-749-3378,1911-04-21
324,Jeffrey,Tenniswood,jtenniswood8z@amazon.co.uk,896-481-7428,1947-08-19
325,Karly,Willard,kwillard90@uiuc.edu,526-133-6784,1958-10-26
326,Jimmy,Pittway,jpittway91@dyndns.org,702-372-9341,1916-11-14
327,Maddi,Borborough,mborborough92@edublogs.org,937-439-3845,1913-06-27
328,Kellina,Mannooch,kmannooch93@list-manage.com,465-239-1244,1979-11-15
329,Nita,MacCurtain,nmaccurtain94@symantec.com,348-402-3235,1994-11-17
330,Tracee,Haverson,thaverson95@noaa.gov,647-103-0187,1970-10-28
331,Esmaria,Farndell,efarndell96@google.it,474-289-7417,1945-01-22
332,Alva,Persicke,apersicke97@altervista.org,603-233-2622,1951-06-23
333,Carmella,Deeley,cdeeley98@opensource.org,871-262-8825,1947-09-28
334,Marja,Ellingham,mellingham99@gravatar.com,295-389-2551,1983-05-08
335,Virginie,Tindle,vtindle9a@wp.com,441-766-4480,1929-04-21
336,Poul,Draysey,pdraysey9b@ning.com,847-520-8771,1920-01-19
337,Aviva,Mendes,amendes9c@facebook.com,993-769-1665,1911-05-04
338,Yasmeen,Merida,ymerida9d@elegantthemes.com,498-339-7691,1993-06-02
339,Neddie,Menhenitt,nmenhenitt9e@yolasite.com,959-680-6984,1939-10-30
340,Elonore,Shortall,eshortall9f@freewebs.com,487-802-8115,1915-04-23
341,Adria,Iannuzzi,aiannuzzi9g@quantcast.com,208-887-1822,1937-12-14
342,Christabel,Alexsandrovich,calexsandrovich9h@artisteer.com,825-697-2036,1982-01-06
343,Shannan,McFall,smcfall9i@pen.io,491-184-3375,1938-02-22
344,Marlon,Possa,mpossa9j@washingtonpost.com,313-603-4342,1987-02-02
345,Danie,Dei,ddei9k@delicious.com,987-582-2536,1979-04-17
346,Rossie,Kenner,rkenner9l@goodreads.com,438-495-9615,1933-05-25
347,Lib,Flageul,lflageul9m@biblegateway.com,637-592-8432,2002-04-25
348,Michail,Ollerton,mollerton9n@msn.com,810-633-2923,1973-08-25
349,Ellerey,Hexum,ehexum9o@devhub.com,404-856-9708,1990-02-05
350,Clerc,Lamasna,clamasna9p@fema.gov,166-498-2544,1926-02-07
351,Daveen,Troy,dtroy9q@deviantart.com,488-330-4162,1932-05-31
352,Ofilia,Broady,obroady9r@imageshack.us,637-341-6160,1921-01-20
353,Maximilianus,Rumney,mrumney9s@nbcnews.com,909-703-9060,1952-01-03
354,Jeane,Spini,jspini9t@mayoclinic.com,569-793-8301,1925-11-25
355,Eustace,Dyne,edyne9u@mozilla.com,762-289-2502,1988-09-25
356,Janean,Dwyr,jdwyr9v@sciencedaily.com,846-372-9384,1956-05-05
357,Irena,Gendricke,igendricke9w@rambler.ru,806-757-4936,1918-06-26
358,Brigitta,Maas,bmaas9x@technorati.com,897-766-6287,1966-04-01
359,Stanly,Pavlata,spavlata9y@w3.org,450-446-1875,1951-12-04
360,Tull,Wissby,twissby9z@blogspot.com,119-499-0462,1911-05-17
361,Rem,Gahan,rgahana0@geocities.com,799-265-6622,1913-05-22
362,Binky,Whaites,bwhaitesa1@mozilla.org,994-859-8684,1941-05-11
363,Britt,Rudsdale,brudsdalea2@blinklist.com,583-306-5052,1980-01-26
364,Artus,MacAlees,amacaleesa3@phpbb.com,820-333-1087,1957-06-07
365,Bobbye,Lavington,blavingtona4@csmonitor.com,608-932-4452,1919-07-06
366,Mab,Hubberstey,mhubbersteya5@bloomberg.com,984-998-0220,1922-04-15
367,Quinn,Joseph,qjosepha6@discuz.net,956-671-3895,2000-04-01
368,Alfonse,Featherstone,afeatherstonea7@aol.com,552-180-1703,1977-11-06
369,Brietta,Pauluzzi,bpauluzzia8@mozilla.org,267-990-0988,1973-01-17
370,Jenn,Glowacki,jglowackia9@howstuffworks.com,574-744-2695,1994-01-03
371,Matthew,Scrane,mscraneaa@auda.org.au,711-865-9607,1928-10-30
372,Jacquenetta,Patey,jpateyab@cpanel.net,864-244-4666,2001-09-17
373,Lauryn,Delue,ldelueac@ask.com,110-671-3286,1971-11-06
374,Byron,Dowden,bdowdenad@people.com.cn,310-624-0612,1927-03-20
375,Carilyn,Goane,cgoaneae@imdb.com,895-977-2403,1965-06-13
376,Gerrie,Guitel,gguitelaf@va.gov,478-312-8674,1920-02-14
377,Dunstan,O'Lenane,dolenaneag@latimes.com,949-411-0871,1939-10-23
378,Fonsie,Bogies,fbogiesah@sogou.com,189-537-3105,1991-04-06
379,Marve,Duxbarry,mduxbarryai@shutterfly.com,837-957-0459,1920-04-01
380,Lindi,McIlherran,lmcilherranaj@goo.ne.jp,929-243-5461,1940-01-22
381,Sandy,Dicky,sdickyak@multiply.com,840-307-8494,1961-01-26
382,Doralynne,Vial,dvialal@google.fr,964-670-2961,1954-12-18
383,Kira,Kemmer,kkemmeram@canalblog.com,555-768-1398,1932-01-20
384,Herb,Bernardelli,hbernardellian@ucoz.com,164-347-2028,1990-11-10
385,Eugenio,Dumbelton,edumbeltonao@wiley.com,426-790-3725,1985-01-31
386,Ginny,Gounod,ggounodap@woothemes.com,515-362-0927,1988-12-08
387,Quillan,Ladbrooke,qladbrookeaq@baidu.com,489-274-4539,1960-04-27
388,Vicki,Prinnett,vprinnettar@cnn.com,288-694-2665,1979-10-04
389,Carley,Hellwig,chellwigas@comsenz.com,335-813-1420,1988-01-17
390,Annice,Hackworth,ahackworthat@state.gov,613-389-0529,1945-06-23
391,Sullivan,Meatyard,smeatyardau@auda.org.au,563-374-8065,1939-11-08
392,Benjamen,Bick,bbickav@about.com,111-574-3950,1914-02-27
393,Angel,Tozer,atozeraw@go.com,457-800-3701,1946-04-30
394,Andee,Bassett,abassettax@yahoo.com,884-488-9255,1929-06-27
395,Neda,Andover,nandoveray@plala.or.jp,195-504-7200,1995-04-14
396,Alameda,Olivas,aolivasaz@behance.net,120-465-1842,1977-04-04
397,Rani,Johann,rjohannb0@netlog.com,784-543-5880,2002-10-14
398,Bertrando,Chaffey,bchaffeyb1@list-manage.com,627-182-7779,1917-09-01
399,Cirilo,Lange,clangeb2@blogtalkradio.com,927-448-3021,1992-02-14
400,Tanny,Duncan,tduncanb3@storify.com,261-399-0779,1962-12-23
401,Jessalyn,Deane,jdeaneb4@gov.uk,224-458-2455,2000-09-10
402,Riva,Anand,ranandb5@msu.edu,265-724-0742,2004-05-31
403,Trenna,Spiniello,tspiniellob6@nature.com,752-256-7629,1979-11-04
404,Siegfried,Petherick,spetherickb7@go.com,711-131-0569,2000-03-10
405,Julietta,Pimlock,jpimlockb8@apache.org,778-325-7086,1947-01-18
406,Kym,Kerridge,kkerridgeb9@bbb.org,537-857-4268,1984-10-20
407,Gibb,Prew,gprewba@gizmodo.com,866-627-8963,1931-08-23
408,Fleurette,O'Reagan,foreaganbb@nifty.com,238-821-0345,2001-02-03
409,Noll,Paulson,npaulsonbc@discovery.com,844-582-4454,1957-03-28
410,Betti,Traylen,btraylenbd@ibm.com,681-298-2604,1975-09-05
411,Millard,Mayes,mmayesbe@gizmodo.com,164-845-5357,1978-01-16
412,Jodi,Simmank,jsimmankbf@chron.com,418-752-3451,1965-03-14
413,Haskell,Corstorphine,hcorstorphinebg@latimes.com,858-887-0921,1957-12-18
414,Judi,Fould,jfouldbh@omniture.com,754-696-2656,1919-11-20
415,Dulsea,Mallinder,dmallinderbi@oaic.gov.au,334-351-2835,1955-07-07
416,Gerald,Wain,gwainbj@loc.gov,773-609-5474,1979-11-11
417,Donny,Hassen,dhassenbk@macromedia.com,760-735-2570,1955-05-12
418,Karlyn,Gameson,kgamesonbl@goo.ne.jp,572-409-9327,1931-09-21
419,Mortimer,Wark,mwarkbm@vistaprint.com,359-605-0485,1977-06-24
420,Torre,Wildey,twildeybn@de.vu,907-450-7345,1951-10-31
421,Logan,Antonowicz,lantonowiczbo@printfriendly.com,121-309-9382,1996-11-20
422,Waldo,Kingdom,wkingdombp@utexas.edu,628-732-0344,1944-08-12
423,Celie,Cofax,ccofaxbq@simplemachines.org,316-418-2289,1991-10-04
424,Aloin,Tinman,atinmanbr@senate.gov,256-831-7789,1923-05-11
425,Rochette,Stag,rstagbs@hao123.com,604-443-9564,2003-11-18
426,Joela,Jablonski,jjablonskibt@youtu.be,216-788-0776,1941-03-19
427,Beatrice,Winscomb,bwinscombbu@mediafire.com,554-228-6324,1923-06-05
428,Lorens,Hollington,lhollingtonbv@yahoo.com,376-251-2532,1993-11-29
429,Demetrius,Overstall,doverstallbw@cocolog-nifty.com,189-425-4751,1922-03-19
430,Darline,Olifard,dolifardbx@java.com,334-577-0524,1952-10-04
431,Christen,Gladtbach,cgladtbachby@hostgator.com,480-666-7666,1949-04-16
432,Fanchette,Sumner,fsumnerbz@sogou.com,352-362-3157,2004-06-15
433,Chic,Phippen,cphippenc0@xing.com,451-848-4845,1943-04-15
434,Elonore,Luca,elucac1@skyrock.com,241-190-8349,1927-04-16
435,Brion,Narraway,bnarrawayc2@dagondesign.com,469-594-5463,1980-02-29
436,Ruthe,Daysh,rdayshc3@opensource.org,571-287-9256,1994-07-19
437,Nari,Udale,nudalec4@reuters.com,169-236-1903,1966-12-01
438,Roselin,Sabater,rsabaterc5@newyorker.com,302-800-6072,1988-05-30
439,Nisse,Le Batteur,nlebatteurc6@japanpost.jp,486-167-1178,2005-05-08
440,Chris,Moffatt,cmoffattc7@mac.com,112-684-3534,1984-12-05
441,Shaun,Duignan,sduignanc8@pen.io,775-760-1242,2005-09-18
442,Marsh,Warrior,mwarriorc9@issuu.com,860-693-9557,1920-09-20
443,Ira,Nolder,inolderca@prnewswire.com,227-964-1840,2003-08-19
444,Lucille,Ansty,lanstycb@harvard.edu,527-822-8050,1925-06-22
445,Miles,Bercevelo,mbercevelocc@usatoday.com,350-793-0757,1973-04-14
446,Jasen,Gopsall,jgopsallcd@dagondesign.com,286-712-5599,1935-08-17
447,Rakel,Bourchier,rbourchierce@myspace.com,135-382-7675,1943-02-28
448,Jakie,Sowrah,jsowrahcf@photobucket.com,524-952-0910,1923-10-04
449,Kelley,Picker,kpickercg@mail.ru,808-548-2427,1994-10-07
450,Kelly,Geddis,kgeddisch@skyrock.com,522-988-1541,1941-02-04
451,Antone,De Avenell,adeavenellci@fastcompany.com,400-550-0386,1928-07-16
452,Adorne,Yesenin,ayesenincj@mapquest.com,496-867-3142,1949-05-27
453,Gilly,Errington,gerringtonck@plala.or.jp,865-871-6209,1913-06-29
454,Minnnie,Mosley,mmosleycl@harvard.edu,382-701-1096,1930-12-31
455,Bendick,Aries,bariescm@sun.com,224-148-1368,1986-10-24
456,Miguel,Crudge,mcrudgecn@constantcontact.com,287-525-5148,1987-01-06
457,Byram,Paula,bpaulaco@163.com,430-241-6912,1976-05-29
458,Friedrick,Strattan,fstrattancp@freewebs.com,998-230-9232,1913-10-11
459,Adelaide,Kubyszek,akubyszekcq@mlb.com,100-388-7965,2001-12-26
460,Lyndsie,Rexworthy,lrexworthycr@unesco.org,553-228-8932,1975-12-18
461,Lynda,Vasiliev,lvasilievcs@163.com,769-437-7988,1935-11-04
462,Melessa,Giottoi,mgiottoict@blog.com,581-375-0220,1952-02-10
463,Lesley,Caban,lcabancu@squarespace.com,655-816-7015,1927-04-05
464,Sammy,Fattore,sfattorecv@nbcnews.com,787-256-7748,1960-11-09
465,Merola,Schutt,mschuttcw@netlog.com,288-830-7406,1913-06-12
466,Delcine,Molines,dmolinescx@tamu.edu,152-406-6256,1976-03-25
467,Antonia,McGarrahan,amcgarrahancy@naver.com,130-262-7690,1913-06-18
468,Patricia,Withnall,pwithnallcz@google.com.br,701-314-5867,1938-10-25
469,Rahal,Bowell,rbowelld0@networksolutions.com,252-269-4642,1911-04-11
470,Erie,Tuckie,etuckied1@jugem.jp,442-307-5321,1965-07-01
471,Celestyn,Mc Caughan,cmccaughand2@sciencedaily.com,832-681-9702,1931-07-30
472,Angy,Ciubutaro,aciubutarod3@nyu.edu,522-442-4312,1993-01-27
473,Agnola,Dyton,adytond4@weather.com,316-280-6875,1994-04-08
474,Velma,Havenhand,vhavenhandd5@webs.com,967-768-4821,1955-01-23
475,Hernando,Jeremaes,hjeremaesd6@reverbnation.com,433-678-2768,1998-02-17
476,Cassandre,Trowell,ctrowelld7@freewebs.com,787-850-5298,1984-03-10
477,Aylmar,Meineken,ameinekend8@hao123.com,290-491-9612,1983-05-18
478,Zabrina,Scotsbrook,zscotsbrookd9@soup.io,784-945-5454,1978-02-05
479,Marcellina,Latek,mlatekda@mlb.com,349-353-0193,1998-01-17
480,Georg,Guion,gguiondb@barnesandnoble.com,802-487-0879,1955-11-17
481,Ricky,Attewell,rattewelldc@chicagotribune.com,192-488-9001,1938-07-05
482,Kara-lynn,Reams,kreamsdd@netscape.com,467-840-7578,1914-07-03
483,Drew,Elnor,delnorde@msn.com,359-239-6152,1914-12-04
484,Trenna,Scanlon,tscanlondf@wikimedia.org,880-952-9542,1985-08-06
485,Noni,Wort,nwortdg@house.gov,661-437-7116,2000-11-21
486,Freddi,Madrell,fmadrelldh@cpanel.net,399-341-2713,1994-03-13
487,Audi,Rubenczyk,arubenczykdi@wiley.com,209-700-7890,1928-11-05
488,Mal,Dickey,mdickeydj@smugmug.com,199-840-3869,1954-07-05
489,Farica,Sanders,fsandersdk@seesaa.net,868-571-9738,1993-09-28
490,Tracy,Needham,tneedhamdl@pbs.org,892-707-4201,1998-12-02
491,Munmro,McKnish,mmcknishdm@ocn.ne.jp,746-176-7907,1963-07-14
492,Oberon,Gethen,ogethendn@cbc.ca,873-919-9118,1959-03-02
493,Herman,Dudlestone,hdudlestonedo@oracle.com,695-350-2737,1934-01-20
494,Vick,Flahy,vflahydp@theatlantic.com,374-492-6308,1974-04-26
495,Starlene,De Andreis,sdeandreisdq@nsw.gov.au,736-869-9259,1970-06-07
496,Cathlene,Hastie,chastiedr@technorati.com,534-850-1136,1972-08-04
497,Tarah,Granville,tgranvilleds@mozilla.org,779-181-6472,1994-12-11
498,Francene,Matzel,fmatzeldt@booking.com,688-470-1043,1959-02-03
499,Elena,Bolletti,ebollettidu@spiegel.de,808-529-3106,1966-08-09
500,Eloisa,Escale,eescaledv@github.com,778-457-7231,1998-02-02
501,Isidoro,Henri,ihenridw@soundcloud.com,495-325-2477,1910-12-30
502,Emerson,Lambarton,elambartondx@alibaba.com,342-273-4664,1939-03-25
503,Beulah,Gaine of England,bgaineofenglanddy@soup.io,314-420-3636,1928-06-03
504,Merrill,Hoofe,mhoofedz@time.com,717-561-2780,1983-11-02
505,Nannette,Crowley,ncrowleye0@bbb.org,619-927-1170,1983-03-12
506,Welsh,Slogrove,wslogrovee1@issuu.com,139-579-2817,1996-11-25
507,Maryl,Softley,msoftleye2@tmall.com,339-975-7431,2000-10-18
508,Jenn,Forson,jforsone3@bing.com,194-596-4718,1988-10-08
509,Laurens,Charke,lcharkee4@whitehouse.gov,867-200-2314,1961-08-25
510,Rodina,Londer,rlondere5@delicious.com,400-275-2397,1923-03-25
511,Nikolos,Assad,nassade6@studiopress.com,885-403-5482,1941-07-13
512,Catharina,Werrit,cwerrite7@hc360.com,845-628-2471,1935-02-19
513,Tull,Tandey,ttandeye8@mozilla.org,605-345-4035,1913-02-05
514,Yvette,Pashley,ypashleye9@nature.com,408-743-2945,1991-11-24
515,Lauree,Micco,lmiccoea@last.fm,817-761-5353,1915-04-04
516,Lewes,Ramstead,lramsteadeb@amazon.co.uk,829-697-5952,1911-10-29
517,Lorena,Szanto,lszantoec@squidoo.com,533-252-7238,1982-07-16
518,Venus,Pendlington,vpendlingtoned@zdnet.com,956-474-2325,1978-04-21
519,Kip,Twigley,ktwigleyee@icq.com,828-124-2564,1914-06-23
520,Rosalyn,Sarfatti,rsarfattief@goo.ne.jp,549-942-3252,2003-05-24
521,Phaedra,Treend,ptreendeg@domainmarket.com,472-698-8370,1959-01-12
522,Neely,Boshier,nboshiereh@jalbum.net,990-838-6848,1918-05-26
523,Leif,Sweed,lsweedei@oaic.gov.au,707-686-1240,1925-06-13
524,Geraldine,Acors,gacorsej@altervista.org,203-470-1768,1918-09-30
525,Donna,Dewan,ddewanek@livejournal.com,924-158-3063,1959-04-29
526,Fonz,Schoenfisch,fschoenfischel@wikia.com,846-897-4945,1939-07-25
527,Rhodia,Titchen,rtitchenem@stanford.edu,712-949-0914,1943-08-25
528,Sena,Heifer,sheiferen@g.co,927-707-7460,1974-07-11
529,Harrie,Troak,htroakeo@ebay.co.uk,615-128-2824,1914-10-05
530,Clare,Kellegher,ckellegherep@si.edu,503-225-2298,1957-05-07
531,Clemmy,Dalling,cdallingeq@flickr.com,372-274-0075,1923-07-27
532,Stern,Bracco,sbraccoer@umich.edu,495-158-2764,1971-03-15
533,Konstantin,Dayton,kdaytones@weebly.com,332-148-9671,1980-08-28
534,Xylia,Pluthero,xplutheroet@digg.com,603-950-2196,1942-05-30
535,Mollie,McIan,mmcianeu@hibu.com,748-364-9549,1949-03-29
536,Amelina,Thorburn,athorburnev@apple.com,348-727-1219,2001-06-26
537,Tan,Corston,tcorstonew@biglobe.ne.jp,260-895-1808,1970-07-03
538,Antin,Parkyn,aparkynex@aol.com,987-603-6450,1994-07-14
539,Chance,Harkins,charkinsey@gov.uk,936-187-5070,1930-03-03
540,Ingrim,Popov,ipopovez@ustream.tv,474-380-5185,2002-08-07
541,Ephrayim,Knevett,eknevettf0@diigo.com,229-165-5774,1911-10-20
542,Patty,Laugherane,plaugheranef1@columbia.edu,309-206-9258,1976-12-12
543,Giselbert,Goggen,ggoggenf2@reference.com,987-347-1345,1954-03-30
544,Paton,Wyld,pwyldf3@gravatar.com,110-920-8637,1938-01-26
545,Jourdain,Sachno,jsachnof4@t-online.de,557-686-2706,1918-12-24
546,Timothy,McConnulty,tmcconnultyf5@wufoo.com,320-794-2934,1951-07-06
547,Donny,Clearley,dclearleyf6@msu.edu,969-113-1401,1993-11-27
548,Sella,Whifen,swhifenf7@google.ru,896-759-0886,1937-03-31
549,Kendell,Tremathick,ktremathickf8@google.co.uk,282-275-9844,1925-09-24
550,Perry,Juliff,pjulifff9@berkeley.edu,471-798-7595,1918-08-14
551,Damien,Ropartz,dropartzfa@theglobeandmail.com,986-852-0847,1978-07-07
552,Lawrence,Gaskin,lgaskinfb@163.com,812-569-2138,1984-06-19
553,Joellyn,Elijahu,jelijahufc@cbslocal.com,681-904-2826,1977-08-20
554,Benji,Rubinovici,brubinovicifd@aboutads.info,899-234-7855,1949-10-14
555,Clarinda,Camblin,ccamblinfe@buzzfeed.com,701-409-6511,2005-09-04
556,Maurita,Dawdry,mdawdryff@icio.us,474-116-7860,1934-09-22
557,Terese,Call,tcallfg@skyrock.com,536-605-9687,1961-06-26
558,Sukey,Liebmann,sliebmannfh@zdnet.com,294-728-7502,1985-03-19
559,Cobb,Purdey,cpurdeyfi@alibaba.com,366-265-9120,1929-12-13
560,Mehetabel,Dall,mdallfj@infoseek.co.jp,845-971-2373,1937-09-22
561,Shanie,Langham,slanghamfk@oakley.com,456-220-5663,1997-10-13
562,Juliet,Huddart,jhuddartfl@globo.com,285-600-5195,1913-03-21
563,Cleavland,Swyne,cswynefm@dropbox.com,621-333-3845,2001-03-08
564,Yolane,Bawcock,ybawcockfn@networkadvertising.org,261-482-0854,1915-11-08
565,Paton,Beese,pbeesefo@un.org,100-507-9243,1922-11-30
566,Antons,Klezmski,aklezmskifp@blogtalkradio.com,254-259-1023,1960-09-05
567,Georgeanna,Gibbons,ggibbonsfq@com.com,515-275-1308,1916-11-09
568,Brewster,Hamilton,bhamiltonfr@hibu.com,399-178-9052,1961-02-01
569,Morissa,De Nisco,mdeniscofs@last.fm,932-647-3718,1943-08-05
570,Margi,Hodgets,mhodgetsft@harvard.edu,271-543-9687,1994-02-10
571,Marjy,Ambrose,mambrosefu@tumblr.com,605-333-1785,1939-08-31
572,Pattin,McNelly,pmcnellyfv@google.com.br,849-158-3824,1911-11-05
573,Kathi,Castell,kcastellfw@storify.com,855-201-7244,1945-06-09
574,Morlee,Fattorini,mfattorinifx@de.vu,269-124-6064,1970-02-27
575,Toni,Keele,tkeelefy@godaddy.com,544-806-8016,1952-01-31
576,Vito,Romain,vromainfz@google.es,637-560-1404,1952-04-15
577,Kordula,De Simone,kdesimoneg0@symantec.com,329-205-7690,1976-06-29
578,Yorgos,Kochs,ykochsg1@slate.com,571-712-0940,1960-03-25
579,Noami,Capnerhurst,ncapnerhurstg2@seesaa.net,476-652-4658,1936-06-13
580,Julianna,Huriche,jhuricheg3@ucsd.edu,787-313-7311,1954-09-28
581,Nerti,Dearden,ndeardeng4@seesaa.net,426-167-8744,2001-09-04
582,Everett,de Voiels,edevoielsg5@spiegel.de,376-569-8453,1919-03-30
583,Neysa,Emmot,nemmotg6@mashable.com,407-406-1819,1998-10-25
584,Rachael,Palin,rpaling7@mac.com,159-882-7419,1956-09-20
585,Rosabella,Petracco,rpetraccog8@jalbum.net,459-991-1917,2002-05-31
586,Shandy,Brech,sbrechg9@smugmug.com,910-584-1869,1934-12-07
587,Shayne,Skryne,sskrynega@foxnews.com,393-823-3165,1917-05-01
588,Rica,Foy,rfoygb@pagesperso-orange.fr,454-613-5482,1979-10-06
589,Elly,Barrasse,ebarrassegc@wix.com,994-395-6908,1958-12-06
590,Clerc,Jerrim,cjerrimgd@spiegel.de,947-547-1758,2001-11-20
591,Caitrin,Kydde,ckyddege@dell.com,656-647-8063,2005-03-13
592,Marlon,Tuffley,mtuffleygf@bbb.org,817-827-8342,1915-12-03
593,Cassius,Reany,creanygg@printfriendly.com,778-563-1530,1994-11-02
594,Reamonn,Jerg,rjerggh@bbb.org,304-888-8809,1956-03-01
595,Keefer,Dudney,kdudneygi@google.fr,632-878-4236,1936-09-27
596,Omero,Feaster,ofeastergj@php.net,843-130-2857,1944-11-16
597,Gwen,Padillo,gpadillogk@nymag.com,712-377-0503,1996-10-22
598,Katina,Malkie,kmalkiegl@virginia.edu,220-674-1064,1945-11-22
599,Romola,Udell,rudellgm@prlog.org,868-195-8951,1969-06-18
600,Brian,Pulman,bpulmangn@patch.com,137-444-3402,1940-09-23
601,Ransell,Morling,rmorlinggo@fastcompany.com,682-997-3707,1997-01-26
602,Marquita,Sinson,msinsongp@va.gov,767-406-6481,2002-10-28
603,Dom,Klimaszewski,dklimaszewskigq@chron.com,825-207-9397,1972-08-19
604,Coriss,Donisi,cdonisigr@usgs.gov,849-717-3470,1942-04-02
605,Talbot,Whatling,twhatlinggs@4shared.com,331-503-3229,1932-12-29
606,Annabal,Iacovelli,aiacovelligt@google.com,840-587-1784,1971-09-16
607,Sanson,McColm,smccolmgu@youku.com,193-257-0332,1990-05-23
608,Renard,Hayhow,rhayhowgv@example.com,453-902-0059,1959-06-16
609,Jerrie,Frantsev,jfrantsevgw@ow.ly,277-885-8503,1941-03-21
610,Oren,Iacovazzi,oiacovazzigx@technorati.com,362-178-1831,1915-10-12
611,Flint,Twinning,ftwinninggy@nbcnews.com,763-627-5109,1980-05-04
612,Jamal,Neem,jneemgz@sina.com.cn,779-478-7199,1999-10-15
613,Gretchen,Nicely,gnicelyh0@timesonline.co.uk,657-375-1808,1911-05-11
614,Selena,Fownes,sfownesh1@pbs.org,915-107-7477,1919-01-09
615,Angelle,Yearron,ayearronh2@slashdot.org,968-700-2671,1962-01-02
616,Eadith,Brum,ebrumh3@webnode.com,396-256-7788,1921-07-13
617,Connor,Abotson,cabotsonh4@miitbeian.gov.cn,978-615-3584,1992-07-05
618,Chadwick,Becarra,cbecarrah5@bbb.org,495-974-6491,1987-01-20
619,Kippar,Hourston,khourstonh6@prweb.com,815-913-4198,1961-03-28
620,Gelya,Mealing,gmealingh7@netvibes.com,985-683-5945,1954-05-01
621,Rani,Dominec,rdominech8@squarespace.com,517-708-5337,1966-12-04
622,Guillermo,Vinnick,gvinnickh9@hostgator.com,916-692-0258,1967-08-16
623,Lloyd,Nutkins,lnutkinsha@oaic.gov.au,680-694-1934,1990-03-11
624,Eada,Curless,ecurlesshb@cnn.com,211-130-8166,2003-10-05
625,Baxter,Philipot,bphilipothc@businesswire.com,424-892-7325,1921-04-17
626,Dodie,Pow,dpowhd@taobao.com,494-977-7446,1951-06-01
627,Farly,Osmon,fosmonhe@nba.com,885-660-9973,1922-04-26
628,Gabi,Pilbury,gpilburyhf@youtu.be,269-116-7265,1984-07-30
629,Uriah,Polino,upolinohg@smh.com.au,966-821-2748,1934-11-02
630,Camellia,Himsworth,chimsworthhh@intel.com,495-953-3507,1983-12-24
631,Rodolfo,Knivett,rknivetthi@furl.net,838-353-8394,1969-07-18
632,Grant,Saintsbury,gsaintsburyhj@amazon.co.uk,258-245-4847,2003-08-04
633,Westleigh,Vermer,wvermerhk@miibeian.gov.cn,754-835-7958,1937-12-18
634,Martie,Gillebride,mgillebridehl@diigo.com,255-817-1884,1958-01-24
635,Daron,Lambot,dlambothm@usnews.com,786-365-4452,1997-10-07
636,Karie,O'Fearguise,kofearguisehn@reuters.com,735-202-1452,2005-04-16
637,Sheilakathryn,Sarson,ssarsonho@wordpress.com,973-445-2623,1925-01-30
638,Aharon,Prawle,aprawlehp@stumbleupon.com,955-465-5827,1938-02-11
639,Truda,Piotrkowski,tpiotrkowskihq@google.com.au,499-991-0125,1919-11-22
640,Friedrick,Seiler,fseilerhr@miitbeian.gov.cn,583-143-5312,1931-05-26
641,Bartram,Chorlton,bchorltonhs@bloglines.com,663-493-1321,2005-12-02
642,Ardra,Eannetta,aeannettaht@businesswire.com,602-804-0909,1931-08-19
643,Manny,Ridley,mridleyhu@bbb.org,323-773-4007,1973-08-18
644,Loren,Heffron,lheffronhv@wired.com,636-202-5298,1978-12-14
645,Idelle,Hellin,ihellinhw@craigslist.org,391-944-4665,1990-09-11
646,Rorke,Bysshe,rbysshehx@nytimes.com,517-857-7111,1999-06-08
647,Joane,Lerer,jlererhy@answers.com,724-868-3877,1958-08-20
648,Derk,Renn,drennhz@sphinn.com,894-812-3984,1930-05-06
649,Howey,Phinn,hphinni0@independent.co.uk,796-951-0441,1953-08-18
650,Linoel,Longhirst,llonghirsti1@amazon.com,245-156-7730,1971-12-25
651,Leanora,Stockow,lstockowi2@hc360.com,918-169-9582,1935-12-26
652,Brigit,Simecek,bsimeceki3@arstechnica.com,173-957-3483,1980-11-05
653,Bess,Roly,brolyi4@senate.gov,569-421-8131,1957-02-16
654,Urson,Cridlon,ucridloni5@whitehouse.gov,598-824-6824,1934-11-30
655,Ardenia,Dicky,adickyi6@oracle.com,691-491-0582,1939-10-10
656,Simona,Leer,sleeri7@gizmodo.com,975-477-3051,1962-06-06
657,Kirbee,Cuningham,kcuninghami8@privacy.gov.au,234-701-2239,2003-03-06
658,Hanson,Skippon,hskipponi9@jugem.jp,153-242-3338,1933-06-12
659,Garfield,Ameer-Beg,gameerbegia@imdb.com,915-798-6621,1933-04-24
660,Timoteo,Elmar,telmarib@friendfeed.com,977-802-2233,1932-11-01
661,Maren,Gutowska,mgutowskaic@about.com,659-102-3035,2001-10-02
662,Wilbur,Stearnes,wstearnesid@wordpress.com,321-776-8993,1934-09-17
663,Gaynor,Tredgold,gtredgoldie@harvard.edu,697-507-9000,1915-01-19
664,Danny,Shelton,dsheltonif@google.co.uk,399-468-3110,1999-10-11
665,Melisenda,Minillo,mminilloig@unblog.fr,665-147-2769,2002-02-09
666,Dara,Birdsall,dbirdsallih@cornell.edu,652-249-9126,1976-05-22
667,Waite,Gorbell,wgorbellii@zdnet.com,655-550-7589,1919-02-26
668,Lurline,Swale,lswaleij@auda.org.au,217-424-3297,1949-07-19
669,Elliot,Cornborough,ecornboroughik@xinhuanet.com,889-161-3118,1976-06-16
670,Matt,Leyman,mleymanil@zimbio.com,211-229-2613,1929-02-05
671,Care,McNelis,cmcnelisim@epa.gov,754-458-1339,1949-06-16
672,Gae,Wilks,gwilksin@go.com,828-611-6891,1974-10-26
673,Patience,Molyneaux,pmolyneauxio@gravatar.com,460-541-6796,1984-04-24
674,Cami,Cussins,ccussinsip@com.com,686-368-6797,1995-02-08
675,Mady,Scyner,mscyneriq@opensource.org,813-169-2103,1948-03-05
676,Quinn,Schneidau,qschneidauir@cnbc.com,583-781-0591,1997-06-11
677,Sherlock,Natt,snattis@cafepress.com,885-783-1715,1942-01-17
678,Talbot,Newcom,tnewcomit@dot.gov,899-965-2504,1941-06-21
679,Kendre,Sorsby,ksorsbyiu@noaa.gov,813-499-3588,1965-10-09
680,Shalna,Gard,sgardiv@bing.com,889-910-4691,1948-08-17
681,Devlin,Petofi,dpetofiiw@mysql.com,327-100-2098,1912-07-30
682,Cissy,Rash,crashix@edublogs.org,985-539-4326,1966-02-26
683,Forester,Vass,fvassiy@hc360.com,585-442-2214,1931-10-25
684,Lari,Yardley,lyardleyiz@ustream.tv,206-171-1065,1999-05-23
685,Edlin,Cottill,ecottillj0@archive.org,799-543-0779,1939-01-27
686,Riannon,Metzel,rmetzelj1@japanpost.jp,800-518-1372,1947-02-05
687,Teresa,Moncey,tmonceyj2@wufoo.com,225-282-3914,1978-01-28
688,Levy,Matashkin,lmatashkinj3@mit.edu,330-353-7477,1950-07-15
689,Wells,Routledge,wroutledgej4@epa.gov,492-585-3184,1962-06-29
690,Abel,Pancost,apancostj5@unc.edu,157-198-2114,1911-11-12
691,Shayla,Drust,sdrustj6@usgs.gov,382-806-7860,1939-03-11
692,Sybyl,Pigden,spigdenj7@paginegialle.it,252-970-2448,1913-09-25
693,Dori,Pickavance,dpickavancej8@foxnews.com,361-404-9110,1988-06-15
694,Krystalle,Pridden,kpriddenj9@sina.com.cn,856-477-9527,1931-04-12
695,Ilse,Toyer,itoyerja@shareasale.com,157-694-7866,1911-05-04
696,Cindie,O'Crowley,cocrowleyjb@va.gov,460-388-0762,1936-11-30
697,Jacquelin,Doll,jdolljc@godaddy.com,140-956-9592,1947-06-04
698,Frayda,Schuler,fschulerjd@google.es,418-417-3252,1918-04-12
699,Henry,Biggans,hbiggansje@zdnet.com,874-937-6021,2003-12-29
700,Lib,Label,llabeljf@opensource.org,959-991-5806,1919-11-29
701,Anneliese,Janda,ajandajg@opera.com,425-169-5159,1936-05-30
702,Rahal,Jeffs,rjeffsjh@taobao.com,270-367-0486,1970-04-09
703,Lyon,Salvati,lsalvatiji@tuttocitta.it,752-753-2087,1993-04-18
704,Weider,Felgat,wfelgatjj@slideshare.net,421-616-3460,1947-10-27
705,Timothea,Jagiello,tjagiellojk@google.es,974-286-7789,1942-06-01
706,Kaitlynn,Doneld,kdoneldjl@opensource.org,304-857-8066,1923-12-23
707,Leanor,Spriggin,lsprigginjm@pinterest.com,451-737-5751,1912-07-30
708,Neysa,Charrier,ncharrierjn@who.int,906-918-2273,1946-09-07
709,Cally,Rasmus,crasmusjo@reuters.com,753-950-5998,1928-09-15
710,Josefa,De Beauchemp,jdebeauchempjp@pagesperso-orange.fr,436-113-5861,1993-06-25
711,Mellicent,Jakubowsky,mjakubowskyjq@cam.ac.uk,723-837-6529,1934-04-27
712,Maribeth,Dandison,mdandisonjr@unblog.fr,203-743-9860,1933-07-16
713,Elias,Byway,ebywayjs@google.ca,945-398-0077,1963-06-05
714,Odetta,Moffett,omoffettjt@ibm.com,671-491-0149,1998-08-07
715,Nadiya,Minto,nmintoju@dell.com,594-192-0312,2002-12-15
716,Delinda,Sebright,dsebrightjv@hhs.gov,261-225-2073,2005-09-18
717,Ricca,Costanza,rcostanzajw@jugem.jp,695-164-3798,1914-03-29
718,Keri,Ellison,kellisonjx@bbc.co.uk,439-695-4777,1947-02-09
719,Olivie,Gages,ogagesjy@quantcast.com,837-790-5359,1975-08-02
720,Burty,Copello,bcopellojz@army.mil,845-585-4494,1984-08-26
721,Lenora,Labbett,llabbettk0@ted.com,979-326-6427,1983-01-28
722,Rhonda,Hattrick,rhattrickk1@mail.ru,148-785-8402,1961-02-28
723,Kimberly,Macourek,kmacourekk2@va.gov,335-235-9479,1924-06-14
724,Maurizio,Bastian,mbastiank3@zdnet.com,121-316-7170,1985-02-18
725,Bennett,Bensen,bbensenk4@wired.com,333-741-7464,2005-06-19
726,Kerrill,Cosgriff,kcosgriffk5@usnews.com,366-596-2186,1984-09-14
727,Verla,Petegrew,vpetegrewk6@sphinn.com,557-378-8108,1957-05-21
728,Verile,Crighton,vcrightonk7@scientificamerican.com,532-839-8006,1969-01-28
729,Kirbie,Harkus,kharkusk8@lycos.com,238-607-2595,1915-08-22
730,Gilbertina,Vittori,gvittorik9@google.ru,234-953-0307,1943-05-23
731,Sherie,Skowcraft,sskowcraftka@so-net.ne.jp,294-584-8494,1923-12-22
732,Kit,McIleen,kmcileenkb@tumblr.com,337-903-3619,1986-06-09
733,Jules,Scowen,jscowenkc@shop-pro.jp,630-565-9488,1920-02-11
734,Juliane,Marchetti,jmarchettikd@scribd.com,502-928-3926,1964-11-17
735,Marcelle,Tesh,mteshke@ovh.net,380-212-8371,1959-04-09
736,Hermia,Odcroft,hodcroftkf@reddit.com,906-159-6706,1932-12-11
737,Druci,Bartoloma,dbartolomakg@xing.com,786-324-5616,2000-04-22
738,Montague,Treweke,mtrewekekh@godaddy.com,908-784-4907,1954-12-26
739,Rosaline,Gyford,rgyfordki@fotki.com,350-985-8089,1985-07-10
740,Hali,Pasque,hpasquekj@umich.edu,747-260-4285,2000-04-28
741,Hamilton,Pleat,hpleatkk@live.com,388-142-4031,1973-10-03
742,Pat,Asee,paseekl@furl.net,332-215-2948,2000-08-17
743,Decca,Mylchreest,dmylchreestkm@pinterest.com,724-554-8369,1996-03-29
744,Colet,Elix,celixkn@cargocollective.com,298-295-9780,2002-11-18
745,Julina,Dillinton,jdillintonko@opensource.org,802-819-2507,1980-04-11
746,Damien,Rennix,drennixkp@mediafire.com,767-847-5761,1937-07-30
747,Kellyann,Sailor,ksailorkq@behance.net,534-216-3831,1948-12-23
748,Shir,Stainer,sstainerkr@google.com.hk,575-936-1543,1978-03-27
749,Wilmer,Cassey,wcasseyks@mapquest.com,593-434-4717,1994-12-17
750,Cesya,Maydwell,cmaydwellkt@woothemes.com,427-941-5738,1954-10-13
751,Allyn,Easthope,aeasthopeku@msu.edu,652-191-9708,2004-09-02
752,Lyn,Eyers,leyerskv@nsw.gov.au,657-642-2400,1969-06-26
753,Francyne,Duerden,fduerdenkw@sourceforge.net,858-323-6170,1959-07-09
754,Tilly,Domotor,tdomotorkx@ed.gov,920-824-7278,2002-10-21
755,Terence,Veregan,tvereganky@upenn.edu,923-986-4054,1919-01-23
756,Elysia,Trimbey,etrimbeykz@usnews.com,637-147-3440,1939-02-28
757,Issiah,Cridland,icridlandl0@geocities.com,317-612-1628,1988-03-13
758,Verla,Nind,vnindl1@newsvine.com,504-843-7515,1911-06-03
759,Idelle,Bichener,ibichenerl2@yahoo.co.jp,849-642-8512,1913-09-06
760,Nance,Blench,nblenchl3@sun.com,441-231-2362,1936-03-04
761,Jere,Malimoe,jmalimoel4@woothemes.com,355-945-6878,2003-03-05
762,Shirley,Cozzi,scozzil5@skyrock.com,869-194-3834,2001-10-31
763,Marji,Tarbox,mtarboxl6@netscape.com,121-546-5397,1964-07-29
764,Rainer,Stigers,rstigersl7@google.it,937-772-7221,2002-09-30
765,Rici,Perham,rperhaml8@mapy.cz,686-985-2647,1969-01-08
766,Worthington,Breadon,wbreadonl9@miibeian.gov.cn,994-262-3267,1951-08-23
767,Agnola,Warlaw,awarlawla@abc.net.au,323-509-3278,1989-12-17
768,Chrysa,Pentelow,cpentelowlb@edublogs.org,538-979-3715,1947-10-16
769,Bing,Dummer,bdummerlc@mlb.com,102-523-4379,1972-10-14
770,Leonore,Haberjam,lhaberjamld@woothemes.com,672-427-0077,1988-04-13
771,Deni,Goman,dgomanle@columbia.edu,810-949-6312,1968-12-01
772,Alley,Cobon,acobonlf@howstuffworks.com,587-539-8401,1925-12-03
773,Parke,Beades,pbeadeslg@sakura.ne.jp,831-349-5477,1997-07-26
774,Francis,Fishley,ffishleylh@meetup.com,438-480-9211,1961-11-01
775,Delmer,Skepper,dskepperli@friendfeed.com,786-408-1200,2000-11-10
776,Denice,Gemnett,dgemnettlj@shutterfly.com,575-424-7241,1926-09-13
777,Amity,Kuhnhardt,akuhnhardtlk@unicef.org,765-863-9063,1997-01-02
778,Meredithe,Yanson,myansonll@foxnews.com,120-104-0328,1922-07-13
779,Ame,Gouldeby,agouldebylm@delicious.com,494-891-7447,1972-11-13
780,Papagena,Genike,pgenikeln@ustream.tv,756-491-2157,2000-04-17
781,Darcy,Seppey,dseppeylo@stumbleupon.com,754-333-0330,1913-03-30
782,Tally,Windas,twindaslp@toplist.cz,637-144-6418,1979-09-16
783,Caryl,Backes,cbackeslq@canalblog.com,626-202-4510,1951-05-11
784,Nettie,Blease,nbleaselr@usda.gov,796-790-2651,1982-10-20
785,Fernando,Boram,fboramls@upenn.edu,194-459-7528,1928-01-11
786,Ingram,Gutman,igutmanlt@vimeo.com,719-592-4235,1956-11-20
787,Denney,Venmore,dvenmorelu@devhub.com,225-559-7656,1953-10-03
788,Bucky,Vizard,bvizardlv@upenn.edu,803-490-3204,1972-03-27
789,Gaylene,Bolf,gbolflw@sciencedaily.com,635-100-7792,1931-08-13
790,Duky,Faustin,dfaustinlx@hao123.com,997-210-0064,1915-04-21
791,Raviv,Patek,rpatekly@mit.edu,601-510-4360,2001-10-25
792,Brande,Jopling,bjoplinglz@prnewswire.com,485-443-7897,1919-06-24
793,Hillyer,Morbey,hmorbeym0@intel.com,263-796-0458,1953-12-22
794,Terza,Robker,trobkerm1@boston.com,996-687-9571,1942-12-03
795,Gwen,Kenrack,gkenrackm2@smugmug.com,312-592-4892,1944-07-25
796,Hilde,Coggen,hcoggenm3@nationalgeographic.com,755-270-5866,2002-09-24
797,Jessi,Minucci,jminuccim4@miitbeian.gov.cn,255-467-8709,1957-05-09
798,Guthrey,Paterno,gpaternom5@1und1.de,571-289-9849,1995-01-07
799,Nonnah,Pococke,npocockem6@google.cn,785-711-9030,1979-02-01
800,Jasmin,Baskerfield,jbaskerfieldm7@census.gov,723-903-6066,1949-03-10
801,Vanni,Roberds,vroberdsm8@ihg.com,679-104-8049,2003-06-28
802,Debee,Navarro,dnavarrom9@berkeley.edu,545-572-1084,1925-02-17
803,Zelma,Jestico,zjesticoma@eepurl.com,305-654-8351,1953-09-12
804,Giff,Gumme,ggummemb@apple.com,827-725-6853,1930-01-22
805,Sheila-kathryn,Currington,scurringtonmc@infoseek.co.jp,491-135-2533,1926-05-12
806,Catina,Dulson,cdulsonmd@smugmug.com,147-404-3877,2001-02-26
807,Jobey,Royson,jroysonme@slate.com,414-532-2666,1919-04-01
808,Saree,Barkworth,sbarkworthmf@livejournal.com,956-143-0796,1912-03-20
809,Nari,Fieldhouse,nfieldhousemg@bloomberg.com,574-868-6105,1967-01-12
810,Ludvig,Francesc,lfrancescmh@nps.gov,223-608-1173,1941-11-23
811,Irma,Oughton,ioughtonmi@mashable.com,768-195-6233,1982-07-01
812,Catherin,Luety,cluetymj@illinois.edu,179-125-4107,1989-05-14
813,Philipa,Spenclay,pspenclaymk@opensource.org,551-603-0376,1933-09-21
814,Gerladina,O'Crigane,gocriganeml@ebay.co.uk,949-838-9580,1965-09-22
815,Karly,Fellow,kfellowmm@webnode.com,348-916-3290,1940-01-04
816,Justino,Cubbit,jcubbitmn@xinhuanet.com,893-131-4055,1996-12-22
817,Archer,Gerardi,agerardimo@hibu.com,270-801-7929,1937-06-03
818,Christen,Hurn,churnmp@chronoengine.com,175-781-3514,1922-08-31
819,Luciano,Penelli,lpenellimq@i2i.jp,473-616-6285,1979-06-17
820,Van,Lambertson,vlambertsonmr@alibaba.com,624-608-2575,1939-06-08
821,Brook,Josum,bjosumms@infoseek.co.jp,628-347-2271,1992-06-19
822,Mirilla,Collumbell,mcollumbellmt@php.net,308-997-9032,1971-06-16
823,Shirl,Tams,stamsmu@bluehost.com,715-716-2966,1981-12-18
824,Marietta,Goford,mgofordmv@fotki.com,249-616-2026,1924-09-21
825,Catherin,Legerton,clegertonmw@dailymail.co.uk,429-617-9026,1941-03-05
826,Rhona,Bridgeland,rbridgelandmx@shareasale.com,901-725-0663,2003-08-14
827,Kelwin,Knotton,kknottonmy@tuttocitta.it,218-316-6991,1961-09-17
828,Francisca,Yeudall,fyeudallmz@aol.com,505-134-4161,1982-09-19
829,Vladamir,Yukhtin,vyukhtinn0@tripadvisor.com,560-934-8341,1961-02-26
830,Shepperd,Polini,spolinin1@php.net,273-783-0547,1976-01-01
831,Agnese,Twelves,atwelvesn2@nyu.edu,301-465-9127,1941-02-15
832,Meriel,Hengoed,mhengoedn3@xing.com,721-664-4744,1936-12-18
833,Merill,Swindell,mswindelln4@surveymonkey.com,215-817-9078,1930-09-26
834,Elvera,Speddin,espeddinn5@thetimes.co.uk,560-225-0658,1986-09-18
835,Neilla,Marcam,nmarcamn6@un.org,700-306-0509,1957-10-14
836,Art,Pennrington,apennringtonn7@nature.com,756-705-2721,1953-08-14
837,Bendick,Schrader,bschradern8@intel.com,134-151-5365,1929-05-22
838,Hally,Orro,horron9@wikia.com,417-625-3091,1965-05-10
839,Doreen,Halton,dhaltonna@edublogs.org,837-676-5829,1918-12-30
840,Dorothee,Orwin,dorwinnb@quantcast.com,257-263-4221,1981-08-08
841,Rickie,Katt,rkattnc@github.com,862-230-0224,2000-04-05
842,Gris,Backson,gbacksonnd@seesaa.net,623-858-1520,1956-05-17
843,Clerissa,Haffner,chaffnerne@ask.com,662-615-7338,1954-02-06
844,Kat,Yankin,kyankinnf@si.edu,660-355-4000,1917-07-19
845,Trix,Boam,tboamng@ca.gov,230-427-7246,1992-03-10
846,Rosalie,Astlet,rastletnh@deliciousdays.com,610-655-0513,1925-03-20
847,Sari,Bucknill,sbucknillni@lulu.com,194-529-9908,1995-12-08
848,Towny,St Clair,tstclairnj@nationalgeographic.com,455-683-6980,1952-03-06
849,Seumas,Ferneley,sferneleynk@ucla.edu,641-373-2882,1972-05-16
850,Laurella,Canape,lcanapenl@shinystat.com,815-561-3760,1980-12-30
851,Anna-diane,Vost,avostnm@1und1.de,757-427-4322,1920-04-14
852,Sydel,MacAlpyne,smacalpynenn@google.es,760-268-0993,1961-02-20
853,Leupold,Shelp,lshelpno@gravatar.com,278-718-4273,1962-10-30
854,Samaria,Howselee,showseleenp@dot.gov,892-274-5615,1961-04-17
855,Kellby,Sant,ksantnq@aol.com,625-843-8167,1988-11-06
856,Vincents,Stummeyer,vstummeyernr@nsw.gov.au,440-581-7082,1936-09-17
857,Nannie,Loud,nloudns@admin.ch,268-238-9779,2005-03-12
858,Arlie,Gimert,agimertnt@twitter.com,806-215-8454,1920-06-09
859,Bunnie,Fitton,bfittonnu@zdnet.com,238-382-2726,1989-04-09
860,Pippa,Hastilow,phastilownv@creativecommons.org,816-727-1110,1962-04-14
861,Noah,Voyce,nvoycenw@behance.net,581-744-0823,1948-07-28
862,Egbert,Opdenort,eopdenortnx@ehow.com,899-105-0885,1922-08-29
863,Noble,Lerner,nlernerny@blogs.com,376-272-3937,1973-06-03
864,Buddy,Lancett,blancettnz@yelp.com,484-738-1129,1971-05-18
865,Howey,Haseldine,hhaseldineo0@apache.org,775-787-8665,1917-08-13
866,Koo,Dunkinson,kdunkinsono1@tripadvisor.com,621-129-6576,1959-10-29
867,Aldin,Ruilton,aruiltono2@oracle.com,886-331-9095,1946-12-26
868,Warner,Chene,wcheneo3@liveinternet.ru,256-512-2444,1921-05-03
869,Yuri,Beardshaw,ybeardshawo4@google.it,180-892-0473,1964-07-15
870,Damon,Reinard,dreinardo5@amazon.co.jp,409-669-8263,1982-01-01
871,Merrill,Train,mtraino6@alibaba.com,355-368-7235,1926-09-08
872,Rheta,Mazzia,rmazziao7@woothemes.com,956-769-4836,1995-06-01
873,Adelice,Aldridge,aaldridgeo8@pcworld.com,138-603-4653,1978-01-15
874,Pete,Haxell,phaxello9@chicagotribune.com,850-822-9195,1995-05-04
875,Hastings,Somerset,hsomersetoa@cocolog-nifty.com,485-445-0376,1959-09-09
876,Minne,Bree,mbreeob@elpais.com,693-797-9889,1955-04-20
877,Sonny,Clemerson,sclemersonoc@blogspot.com,565-343-0284,1928-08-20
878,Ginelle,Daniels,gdanielsod@nhs.uk,311-671-4590,1974-07-11
879,Brendis,Dahlman,bdahlmanoe@fema.gov,727-612-9612,1989-12-09
880,Des,McNabb,dmcnabbof@mediafire.com,795-912-4989,1990-09-29
881,Fawn,Harral,fharralog@baidu.com,996-926-4194,1946-04-07
882,Kiley,Dorrington,kdorringtonoh@uiuc.edu,101-154-1100,2000-05-18
883,Erin,Blampy,eblampyoi@hc360.com,376-491-5424,2005-01-15
884,Ronny,Binnell,rbinnelloj@illinois.edu,552-452-1370,1928-12-12
885,Ado,Carlisi,acarlisiok@archive.org,937-116-4683,1927-06-23
886,Patrizia,Outerbridge,pouterbridgeol@loc.gov,679-970-9872,2004-11-05
887,Hersh,Southerden,hsoutherdenom@techcrunch.com,958-810-9530,1923-05-14
888,Ingmar,Seabrocke,iseabrockeon@zimbio.com,292-750-4281,1926-02-15
889,Josephine,Tunnick,jtunnickoo@walmart.com,606-215-0280,1961-10-16
890,Mirna,Huffadine,mhuffadineop@about.com,517-572-3879,1974-10-09
891,Cleopatra,Iozefovich,ciozefovichoq@shop-pro.jp,722-729-9434,1976-01-21
892,Padriac,Diboll,pdibollor@ca.gov,633-874-4600,1927-01-08
893,Dell,Simonini,dsimoninios@examiner.com,289-184-9590,1948-05-17
894,Artie,Kneafsey,akneafseyot@vk.com,163-622-9300,1996-11-08
895,Myrna,Stoney,mstoneyou@seattletimes.com,849-740-9207,1919-09-21
896,Nestor,Brouard,nbrouardov@cnet.com,588-763-1569,2001-08-22
897,Laina,Rosel,lroselow@hexun.com,922-813-9750,1952-12-04
898,Emelia,Mantripp,emantrippox@nps.gov,317-916-9629,1957-04-25
899,Xaviera,Trowill,xtrowilloy@xrea.com,261-822-9105,1934-06-08
900,Cletis,Teare,cteareoz@google.cn,812-828-5816,1941-09-19
901,Merola,Masser,mmasserp0@usa.gov,379-928-0554,1985-10-13
902,Jackqueline,Shipston,jshipstonp1@mediafire.com,280-801-3970,1982-04-01
903,Blanch,Frunks,bfrunksp2@g.co,809-193-9424,1969-07-17
904,Deanne,Shubotham,dshubothamp3@behance.net,748-788-5725,1950-06-15
905,Alasteir,Geratt,agerattp4@cbc.ca,538-228-7995,1957-05-28
906,Lynsey,Corradeschi,lcorradeschip5@issuu.com,107-339-5211,1954-01-02
907,Peggy,Meritt,pmerittp6@harvard.edu,851-954-8888,1983-06-10
908,Burch,Venneur,bvenneurp7@nyu.edu,652-444-9607,1957-08-14
909,Hazel,Jeandeau,hjeandeaup8@usda.gov,988-799-8434,1987-02-15
910,Tyler,Humbles,thumblesp9@spotify.com,480-558-4215,1936-08-06
911,Mikel,Von Helmholtz,mvonhelmholtzpa@google.pl,944-794-1029,1939-05-25
912,Jobi,Fludder,jfludderpb@mozilla.com,115-505-6156,1970-12-19
913,Lisle,MacParland,lmacparlandpc@ucla.edu,390-374-1658,1920-12-21
914,Jinny,Sweeting,jsweetingpd@admin.ch,298-701-6168,1958-12-04
915,Quint,Lamkin,qlamkinpe@gmpg.org,374-324-6034,1996-04-12
916,Mag,Tissell,mtissellpf@noaa.gov,118-348-9553,1986-11-07
917,Olive,Lafaye,olafayepg@moonfruit.com,561-147-7078,1996-09-09
918,Stanley,Binch,sbinchph@rambler.ru,713-619-3444,1915-10-31
919,Sosanna,Valance,svalancepi@theguardian.com,694-587-6824,1984-03-25
920,Shirleen,Grent,sgrentpj@altervista.org,819-874-2381,1919-07-28
921,Tanny,Schrieves,tschrievespk@amazon.co.jp,366-575-3048,1962-03-22
922,Adena,Roscamps,aroscampspl@domainmarket.com,257-544-3497,1942-06-04
923,Shayne,Mander,smanderpm@homestead.com,390-665-1158,1916-08-02
924,Nicolai,Stansall,nstansallpn@bravesites.com,514-785-2408,1922-06-11
925,Shep,I'anson,siansonpo@google.nl,573-793-3735,1999-07-24
926,Ganny,Karys,gkaryspp@businessweek.com,502-625-7726,1928-01-15
927,Durante,Scoon,dscoonpq@liveinternet.ru,306-712-9460,1971-12-18
928,Leela,Gritten,lgrittenpr@walmart.com,638-855-0272,1927-08-18
929,Tatiana,Yeudall,tyeudallps@auda.org.au,444-879-9803,1951-05-21
930,Gard,Lengthorn,glengthornpt@ted.com,917-234-4068,1961-10-10
931,Derry,Rosbotham,drosbothampu@photobucket.com,649-637-0668,1985-09-27
932,Garrek,Dimanche,gdimanchepv@mediafire.com,403-368-7932,1998-04-07
933,Teodora,Stigger,tstiggerpw@biglobe.ne.jp,470-757-9572,2004-05-24
934,Bobina,Pimblett,bpimblettpx@1und1.de,853-463-8566,2002-08-27
935,Pamelina,Button,pbuttonpy@jigsy.com,244-939-5074,1980-11-14
936,Latisha,Lapworth,llapworthpz@mapy.cz,769-914-8527,1940-12-15
937,Calley,Overnell,covernellq0@xrea.com,220-431-0819,1936-04-03
938,Ange,Queree,aquereeq1@networksolutions.com,585-644-1666,1954-07-07
939,Tanny,Astlet,tastletq2@bandcamp.com,271-816-4034,1912-07-07
940,Angel,Gierok,agierokq3@plala.or.jp,936-193-1394,1969-10-19
941,Nickie,Hollingsbee,nhollingsbeeq4@nps.gov,624-128-8237,1916-05-25
942,Arlee,Cumpsty,acumpstyq5@time.com,133-896-9927,1970-02-23
943,Keefer,Jahnel,kjahnelq6@odnoklassniki.ru,241-795-6976,1929-06-06
944,Townie,Galilee,tgalileeq7@pinterest.com,854-244-8665,1951-08-23
945,Bryant,Presnell,bpresnellq8@hibu.com,595-584-7932,1982-12-20
946,Kaia,Brower,kbrowerq9@techcrunch.com,352-154-8818,2000-01-30
947,Ethelind,Gellert,egellertqa@indiegogo.com,332-176-2001,1994-10-23
948,Teodorico,Brayfield,tbrayfieldqb@xrea.com,716-461-9211,1928-10-27
949,Barry,Martin,bmartinqc@booking.com,305-979-0001,1997-02-08
950,Aharon,Palek,apalekqd@lulu.com,269-484-0763,1971-10-03
951,Kristyn,Dumphry,kdumphryqe@lulu.com,457-163-1588,1978-07-12
952,Cornall,Hailwood,chailwoodqf@godaddy.com,575-555-0579,2004-05-21
953,Pandora,Weond,pweondqg@microsoft.com,177-915-6601,2001-05-10
954,Rafe,Gaish,rgaishqh@mtv.com,891-253-1135,1912-05-02
955,Kerry,Ashburner,kashburnerqi@wix.com,881-157-8172,1961-08-15
956,Babbette,Mackelworth,bmackelworthqj@census.gov,300-227-4108,1951-12-19
957,Mehetabel,enzley,menzleyqk@behance.net,290-292-8878,1930-11-27
958,Lizbeth,Yuryaev,lyuryaevql@godaddy.com,161-760-1047,1976-09-16
959,Krystle,Derks,kderksqm@ask.com,743-638-6048,1988-06-13
960,Leola,Meace,lmeaceqn@businessinsider.com,772-648-3616,1937-07-06
961,Uriel,Stewart,ustewartqo@wordpress.com,630-135-2253,1961-01-16
962,Tedda,Gilogly,tgiloglyqp@auda.org.au,901-227-6646,1939-07-25
963,Sanson,Smurthwaite,ssmurthwaiteqq@berkeley.edu,725-983-5950,1953-03-14
964,Gunther,Berthomieu,gberthomieuqr@e-recht24.de,158-364-8451,1954-07-08
965,Roscoe,Silbermann,rsilbermannqs@theguardian.com,673-110-5618,1932-06-07
966,Dalis,Stark,dstarkqt@networksolutions.com,750-223-3740,1985-05-18
967,Arden,Finnis,afinnisqu@buzzfeed.com,422-832-4751,1953-05-18
968,Mela,Sherbrook,msherbrookqv@soup.io,652-416-1853,1998-02-11
969,Alecia,Kerne,akerneqw@businessinsider.com,969-337-2411,1978-03-23
970,Urbano,Coultass,ucoultassqx@noaa.gov,103-362-7447,1996-01-10
971,Osbert,Minney,ominneyqy@independent.co.uk,808-778-1766,1935-02-23
972,Vaclav,Dunrige,vdunrigeqz@meetup.com,825-632-7084,1979-08-02
973,Ken,Bromet,kbrometr0@wix.com,257-952-3025,2003-03-16
974,Raleigh,Adess,radessr1@chronoengine.com,788-714-4377,1980-07-11
975,Leola,Asplin,lasplinr2@home.pl,468-400-3721,1928-08-01
976,Concettina,Gladman,cgladmanr3@tripod.com,975-756-8303,1984-05-06
977,Alidia,Simonin,asimoninr4@parallels.com,157-247-8705,1913-04-25
978,Leelah,Jeckell,ljeckellr5@ucoz.com,779-322-7204,1957-08-01
979,Rosa,Fidal,rfidalr6@ebay.co.uk,490-990-0831,1981-07-13
980,Lishe,Rupert,lrupertr7@cloudflare.com,659-955-6332,1952-06-11
981,Matthaeus,Scolland,mscollandr8@go.com,276-863-4402,1917-12-28
982,Frannie,Stonestreet,fstonestreetr9@netvibes.com,795-372-3085,1935-05-08
983,Lodovico,Beddow,lbeddowra@pagesperso-orange.fr,997-430-0476,1916-08-22
984,Wash,Nacey,wnaceyrb@mysql.com,100-575-7248,1944-04-26
985,Davidde,Bowling,dbowlingrc@wix.com,534-874-4837,1934-08-09
986,Fair,Wigzell,fwigzellrd@unc.edu,302-428-0147,1916-08-23
987,Kevina,McWilliam,kmcwilliamre@wikispaces.com,894-126-9400,1981-10-14
988,Effie,Woodier,ewoodierrf@google.com.br,248-553-1739,1962-10-14
989,Blanche,Eldered,belderedrg@sakura.ne.jp,948-370-4057,1949-03-10
990,Jereme,Gorey,jgoreyrh@angelfire.com,310-562-6382,1913-01-29
991,Malvina,Bushrod,mbushrodri@creativecommons.org,756-199-2050,1942-05-30
992,Raimondo,Monsey,rmonseyrj@shareasale.com,415-733-2637,1968-04-04
993,Camile,Passo,cpassork@shareasale.com,195-748-8265,1982-09-22
994,Gloriana,Olliar,golliarrl@indiegogo.com,532-857-8495,2005-07-22
995,Farrel,Ciccarello,fciccarellorm@newyorker.com,205-206-0836,1940-12-14
996,Brice,Carlile,bcarlilern@example.com,311-923-0425,1936-10-27
997,Papageno,Petzold,ppetzoldro@flickr.com,399-425-5101,2000-08-07
998,Verla,Spelsbury,vspelsburyrp@nifty.com,281-159-6605,1949-05-18
999,Issiah,Measor,imeasorrq@cnn.com,401-944-4771,1967-03-13
1000,Paloma,Tottem,ptottemrr@deviantart.com,663-526-0131,1915-12-04
